RS,TAZ
2016,2016
2017,2017
2018,2018
2019,2019
2020,2020
2021,2021
2022,2022
2023,2023
2024,2024
2025,2025
2026,2026
2027,2027
2028,2028
2029,2029
2030,2030
2031,2031
2032,2032
2033,2033
2034,2034
2035,2035
2036,2036
2037,2037
2038,2038
2039,2039
2040,2040
2041,2041
2042,2042
2043,2043
2044,2044
2045,2045
2046,2046
2047,2047
2048,2048
2049,2049
2050,2050
2051,2051
2052,2052
2053,2053
2054,2054
2055,2055
2056,2056
2057,2057
2058,2058
2059,2059
2060,2060
2061,2061
2062,2062
2063,2063
2064,2064
2065,2065
2066,2066
2067,2067
2068,2068
2069,2069
2070,2070
2071,2071
2072,2072
2073,2073
2074,2074
2075,2075
2076,2076
2077,2077
2078,2078
2079,2079
2080,2080
2081,2081
2082,2082
2083,2083
2084,2084
2085,2085
2086,2086
2087,2087
2088,2088
2089,2089
2090,2090
2091,2091
2092,2092
2093,2093
2094,2094
2095,2095
2096,2096
2097,2097
2098,2098
2099,2099
2100,2100
2101,2101
2102,2102
2103,2103
2104,2104
2105,2105
2106,2106
2107,2107
2108,2108
2109,2109
2110,2110
2111,2111
2112,2112
2113,2113
2114,2114
2115,2115
2116,2116
2117,2117
2118,2118
2119,2119
2120,2120
2121,2121
2122,2122
2123,2123
2124,2124
2125,2125
2126,2126
2127,2127
2128,2128
2129,2129
2130,2130
2131,2131
2132,2132
2133,2133
2134,2134
2135,2135
2136,2136
2137,2137
2138,2138
2139,2139
2140,2140
2141,2141
2142,2142
2143,2143
2144,2144
2145,2145
2146,2146
2147,2147
2148,2148
2149,2149
2150,2150
2151,2151
2152,2152
2153,2153
2154,2154
2155,2155
2156,2156
2157,2157
2158,2158
2159,2159
2160,2160
2161,2161
2162,2162
2163,2163
2164,2164
2165,2165
2166,2166
2167,2167
2168,2168
2169,2169
2170,2170
2171,2171
2172,2172
2173,2173
2174,2174
2175,2175
2176,2176
2177,2177
2178,2178
2179,2179
2180,2180
2181,2181
2182,2182
2183,2183
2184,2184
2185,2185
2186,2186
2187,2187
2188,2188
2189,2189
2190,2190
2191,2191
2192,2192
2193,2193
2194,2194
2195,2195
2196,2196
2197,2197
2198,2198
2199,2199
2200,2200
2201,2201
2202,2202
2203,2203
2204,2204
2205,2205
2206,2206
2207,2207
2208,2208
2209,2209
2210,2210
2211,2211
2212,2212
2213,2213
2214,2214
2215,2215
2216,2216
2217,2217
2218,2218
2219,2219
2220,2220
2221,2221
2222,2222
2223,2223
2224,2224
2225,2225
2226,2226
2227,2227
2228,2228
2229,2229
2230,2230
2231,2231
2232,2232
2233,2233
2234,2234
2235,2235
2236,2236
2237,2237
2238,2238
2239,2239
2240,2240
2241,2241
2242,2242
2243,2243
2244,2244
2245,2245
2246,2246
2247,2247
2248,2248
2249,2249
2250,2250
2251,2251
2252,2252
2253,2253
2254,2254
2255,2255
2256,2256
2257,2257
2258,2258
2259,2259
2260,2260
2261,2261
2262,2262
2263,2263
2264,2264
2265,2265
2266,2266
2267,2267
2268,2268
2269,2269
2270,2270
2271,2271
2272,2272
2273,2273
2274,2274
2275,2275
2276,2276
2277,2277
2278,2278
2279,2279
2280,2280
2281,2281
2282,2282
2283,2283
2284,2284
2285,2285
2286,2286
2287,2287
2288,2288
2289,2289
2290,2290
2291,2291
2292,2292
2293,2293
2294,2294
2295,2295
2296,2296
2297,2297
2298,2298
2299,2299
2300,2300
2301,2301
2302,2302
2303,2303
2304,2304
2305,2305
2306,2306
2307,2307
2308,2308
2309,2309
2310,2310
2311,2311
2312,2312
2313,2313
2314,2314
2315,2315
2316,2316
2317,2317
2318,2318
2319,2319
2320,2320
2321,2321
2322,2322
2323,2323
2324,2324
2325,2325
2326,2326
2327,2327
2328,2328
2329,2329
2330,2330
2331,2331
2332,2332
2333,2333
2334,2334
2335,2335
2336,2336
2337,2337
2338,2338
2339,2339
2340,2340
2341,2341
2342,2342
2343,2343
2344,2344
2345,2345
2346,2346
2347,2347
2348,2348
2349,2349
2350,2350
2351,2351
2352,2352
2353,2353
2354,2354
2355,2355
2356,2356
2357,2357
2358,2358
2359,2359
2360,2360
2361,2361
2362,2362
2363,2363
2364,2364
2365,2365
2366,2366
2367,2367
2368,2368
2369,2369
2370,2370
2371,2371
2372,2372
2373,2373
2374,2374
2375,2375
2376,2376
2377,2377
2378,2378
2379,2379
2380,2380
2381,2381
2382,2382
2383,2383
2384,2384
2385,2385
2386,2386
2387,2387
2388,2388
2389,2389
2390,2390
2391,2391
2392,2392
2393,2393
2394,2394
2395,2395
2396,2396
2397,2397
2398,2398
2399,2399
2400,2400
2401,2401
2402,2402
2403,2403
2404,2404
2405,2405
2406,2406
2407,2407
2408,2408
2409,2409
2410,2410
2411,2411
2412,2412
2413,2413
2414,2414
2415,2415
2416,2416
2417,2417
2418,2418
2419,2419
2420,2420
2421,2421
2422,2422
2423,2423
2424,2424
2425,2425
2426,2426
2427,2427
2428,2428
2429,2429
2430,2430
2431,2431
2432,2432
2433,2433
2434,2434
2435,2435
2436,2436
2437,2437
2438,2438
2439,2439
2440,2440
2441,2441
2442,2442
2443,2443
2444,2444
2445,2445
2446,2446
2447,2447
2448,2448
2449,2449
2450,2450
2451,2451
2452,2452
2453,2453
2454,2454
2455,2455
2456,2456
2457,2457
2458,2458
2459,2459
2460,2460
2461,2461
2462,2462
2463,2463
2464,2464
2465,2465
2466,2466
2467,2467
2468,2468
2469,2469
2470,2470
2471,2471
2472,2472
2473,2473
2474,2474
2475,2475
2476,2476
2477,2477
2478,2478
2479,2479
2480,2480
2481,2481
2482,2482
2483,2483
2484,2484
2485,2485
2486,2486
2487,2487
2488,2488
2489,2489
2490,2490
2491,2491
2492,2492
2493,2493
2494,2494
2495,2495
2496,2496
2497,2497
2498,2498
2499,2499
2500,2500
2501,2501
2502,2502
2503,2503
2504,2504
2505,2505
2506,2506
2507,2507
2508,2508
2509,2509
2510,2510
2511,2511
2512,2512
2513,2513
2514,2514
2515,2515
2516,2516
2517,2517
2518,2518
2519,2519
2520,2520
2521,2521
2522,2522
2523,2523
2524,2524
2525,2525
2526,2526
2527,2527
2528,2528
2529,2529
2530,2530
2531,2531
2532,2532
2533,2533
2534,2534
2535,2535
2536,2536
2537,2537
2538,2538
2539,2539
2540,2540
2541,2541
2542,2542
3002,813
3003,958
3004,1654
3006,427
3009,10835
3010,1079
3011,761
3013,1668
3014,1521
3015,448
3018,1447
3021,811
3022,1065
3023,1009
3024,995
3025,1200
3026,1628
3027,1613
3028,1638
3030,1124
3031,1184
3032,1119
3033,1152
3034,1375
3035,1451
3036,1432
3037,1652
3039,250
3040,635
3041,619
3042,11918
3043,11864
3044,11437
3045,801
3046,931
3047,706
3049,980
3053,1264
3054,1291
3055,1538
3056,1686
3057,480
3058,494
3059,1706
3060,1702
3062,1015
3063,1019
3064,1191
3065,1655
3066,1633
3067,1654
3068,1363
3069,435
3070,429
3071,1465
3072,1495
3075,264
3076,627
3077,11513
3078,11617
3079,10539
3080,873
3081,879
3082,928
3083,746
3084,748
3085,972
3086,1054
3088,1664
3089,1328
3090,1338
3091,1526
3092,447
3093,457
3094,1701
3096,1715
3098,1392
3099,1388
3100,1452
3101,1448
3102,1464
3107,11774
3108,11454
3109,11590
3110,845
3111,859
3112,1071
3113,784
3114,978
3115,991
3116,327
3117,320
3118,344
3119,1036
3120,1052
3121,1062
3122,1595
3123,1603
3124,1633
3125,1609
3126,1545
3127,1635
3128,1613
3129,1638
3130,1638
3132,389
3133,1123
3134,1173
3135,1177
3136,1386
3137,1109
3138,1099
3139,1133
3140,407
3141,1224
3142,962
3143,1166
3144,1323
3145,1516
3146,1398
3147,1406
3148,1485
3149,1418
3150,1616
3151,1643
3152,1653
3153,525
3154,524
3155,533
3156,532
3157,588
3158,543
3159,569
3160,611
3161,257
3162,11725
3163,11637
3164,580
3165,643
3166,658
3167,670
3168,655
3169,698
3170,11992
3171,735
3172,268
3173,10418
3174,11269
3175,11794
3176,11837
3177,772
3178,905
3179,371
3180,375
3181,945
3182,654
3185,1237
3186,1246
3187,1267
3188,1213
3189,1215
3190,1300
3191,1340
3192,1308
3193,1359
3194,1680
3195,1690
3196,1697
3197,494
3200,509
3201,503
3202,510
3203,1013
3204,1025
3205,1194
3206,1368
3207,440
3208,427
3209,10771
3210,10205
3211,10504
3212,891
3213,898
3214,899
3215,761
3216,751
3217,757
3218,1656
3219,1657
3220,1664
3221,1509
3222,1524
3223,1531
3224,448
3225,449
3226,1699
3227,1396
3228,1443
3229,1448
3230,811
3231,11557
3232,809
3233,1065
3234,1064
3235,1068
3236,793
3237,986
3238,1005
3239,1002
3240,329
3241,344
3242,1036
3243,1056
3244,1201
3245,1625
3246,1631
3247,1631
3248,1613
3249,1605
3250,1637
3252,380
3253,1124
3254,1182
3255,1181
3256,1184
3257,1117
3258,1098
3259,1137
3260,414
3261,1152
3262,969
3263,1504
3264,1508
3265,1564
3266,1416
3267,1417
3268,1468
3269,1431
3270,1429
3271,1644
3272,549
3273,598
3274,606
3275,630
3276,622
3277,12024
3278,583
3279,578
3280,613
3281,673
3282,682
3283,11920
3284,11908
3285,11901
3286,265
3287,11415
3288,11318
3289,11811
3290,796
3291,778
3292,794
3293,364
3294,347
3295,363
3298,715
3299,1251
3300,1249
3301,1270
3302,1285
3303,1217
3304,1281
3305,1352
3306,1348
3307,1349
3308,1680
3309,1688
3310,466
3311,508
3312,1707
3313,1707
3314,1010
3315,1008
3316,1015
3317,1012
3318,1012
3319,1035
3320,1022
3321,1023
3322,1187
3323,520
3324,1633
3325,1654
3326,1142
3327,1143
3328,437
3329,1150
3330,1160
3331,1164
3332,438
3333,1372
3334,1374
3335,1450
3336,1471
3337,1481
3338,1476
3339,1496
3340,1499
3341,594
3342,251
3343,264
3344,627
3345,627
3346,636
3347,11478
3348,11469
3349,10268
3350,11596
3351,12010
3352,11999
3353,10946
3354,11081
3355,11204
3356,871
3357,870
3358,875
3359,877
3360,907
3361,909
3362,915
3363,913
3364,931
3365,717
3366,723
3367,749
3368,756
3369,754
3370,980
3371,1328
3372,1328
3373,1330
3374,1268
3375,1278
3376,1333
3377,1338
3378,1333
3379,1541
3380,454
3381,468
3382,450
3383,468
3384,493
3385,471
3386,459
3387,459
3388,459
3389,1712
3390,1713
3392,1390
3393,1390
3394,1394
3395,1387
3396,1402
3397,1402
3398,1442
3399,1440
3400,1453
3401,1454
3402,1464
3403,1466
3405,640
3406,11775
3408,11777
3409,812
3410,637
3411,11742
3412,11768
3413,11452
3414,11463
3415,10394
3416,11562
3417,11576
3418,11582
3419,813
3420,831
3421,842
3422,853
3423,855
3424,858
3425,866
3426,863
3427,1075
3428,764
3429,971
3430,987
3431,977
3432,979
3433,997
3434,988
3435,988
3436,1012
3437,982
3438,982
3439,326
3443,334
3444,339
3445,345
3446,1030
3447,1045
3448,1046
3449,1048
3450,1044
3451,1054
3452,1058
3453,1059
3454,1057
3455,1532
3456,1533
3457,1600
3458,1535
3459,1607
3460,1607
3461,1630
3462,1612
3463,1613
3464,1537
3465,1548
3466,1550
3467,1358
3468,1362
3469,1553
3470,1561
3471,1557
3472,1708
3473,1637
3474,1634
3475,1634
3476,1067
3477,396
3478,386
3479,391
3480,1083
3481,1108
3482,380
3483,1113
3484,1128
3485,1180
3486,1176
3487,1385
3488,1082
3489,1085
3490,1093
3491,930
3492,930
3493,1096
3494,1103
3495,1107
3496,1154
3497,935
3498,403
3499,412
3500,950
3501,959
3502,1223
3503,960
3504,1260
3505,1266
3506,1165
3507,1318
3508,1321
3509,1319
3510,1266
3511,1317
3512,1517
3513,1513
3514,1522
3515,1400
3516,1400
3517,1409
3518,1405
3519,1381
3520,1421
3521,1407
3522,1438
3523,1486
3524,1376
3525,1566
3526,1419
3527,1570
3528,1583
3529,1590
3530,1617
3531,1594
3532,515
3533,1640
3534,1646
3535,1652
3536,1642
3537,523
3538,524
3539,533
3540,540
3541,545
3542,545
3543,547
3544,592
3545,552
3546,311
3547,313
3548,302
3549,573
3550,564
3551,596
3552,582
3553,610
3554,242
3555,11700
3556,11729
3557,11686
3558,11690
3559,11716
3560,11622
3561,10685
3562,10898
3563,573
3564,575
3565,577
3566,576
3567,645
3568,643
3569,668
3570,665
3571,663
3572,648
3573,653
3574,656
3575,653
3576,654
3577,654
3578,678
3579,692
3580,708
3581,11966
3582,701
3583,730
3584,699
3585,710
3586,291
3587,740
3588,295
3589,280
3590,10109
3591,10639
3592,11351
3593,10608
3594,11205
3595,11847
3596,11295
3597,11311
3598,821
3599,11889
3600,11871
3601,768
3602,766
3603,763
3604,781
3605,777
3606,789
3607,901
3608,806
3609,370
3610,371
3611,369
3612,917
3613,925
3614,943
3615,956
3616,952
3617,1236
3618,1229
3619,1248
3620,1226
3621,1186
3622,1254
3623,1257
3624,1273
3625,1277
3626,1204
3627,1197
3628,1196
3629,1198
3630,1671
3631,1673
3632,1219
3633,1684
3634,1312
3635,1292
3636,1302
3637,1341
3638,1304
3639,1303
3640,447
3641,1355
3642,446
3643,1362
3644,1666
3645,1666
3646,1689
3647,1690
3648,1693
3649,1693
3650,1692
3651,1695
3652,491
3653,479
3654,497
3655,495
3656,1362
3657,1703
3658,501
3659,1702
3660,1702
3661,499
3662,510
3663,499
3665,10803
3666,10211
3667,10170
3668,1661
3669,1664
3670,1659
3671,1003
3672,1003
3673,1028
3674,1502
3675,1507
3676,1375
3677,628
3678,632
3679,635
3680,615
3681,613
3682,620
3683,671
3684,676
3685,11919
3686,11135
3687,11915
3688,11866
3689,11434
3690,11435
3691,11813
3692,802
3693,797
3694,802
3695,365
3696,365
3697,362
3698,706
3700,716
3701,1287
3702,1284
3703,1290
3704,418
3705,423
3706,423
3707,11505
3708,11509
3709,11520
3710,11608
3711,11611
3712,10904
3713,11029
3714,11090
3715,11041
3716,872
3717,867
3718,874
3719,878
3720,910
3721,879
3722,718
3723,720
3724,746
3725,1331
3726,1331
3727,1336
3728,451
3729,451
3730,455
3731,470
3732,471
3733,471
3734,1711
3735,1711
3737,11740
3738,11748
3739,11773
3740,11453
3741,11457
3742,10384
3743,11589
3744,12005
3745,12008
3746,833
3747,834
3748,844
3749,1066
3750,1066
3751,1071
3755,344
3756,342
3757,346
3758,1606
3759,1549
3760,1604
3761,389
3762,389
3763,381
3764,939
3765,405
3766,408
3767,1166
3768,1168
3769,1171
3770,1482
3771,1483
3772,1484
3773,1622
3774,1623
3775,518
3776,532
3777,534
3778,545
3779,542
3780,312
3781,312
3782,305
3783,563
3784,567
3785,596
3786,596
3787,611
3788,261
3789,259
3790,259
3791,11709
3792,11707
3793,11721
3794,11631
3795,11625
3796,11640
3797,580
3798,580
3799,578
3800,666
3801,668
3802,667
3803,685
3804,696
3805,709
3806,11986
3807,11987
3808,727
3809,703
3810,703
3811,287
3812,283
3813,277
3814,269
3815,10419
3816,11322
3817,11361
3818,11236
3819,11213
3820,11241
3821,11317
3822,11315
3823,827
3824,11829
3825,11873
3826,11834
3827,765
3828,781
3829,776
3830,903
3831,903
3832,902
3833,369
3834,921
3835,925
3836,1235
3837,1232
3838,1237
3839,1215
3840,1214
3841,1221
3842,1298
3843,1310
3844,1301
3845,1677
3846,1677
3847,1679
3848,1698
3849,1698
3850,489
3851,495
3852,495
3853,494
3854,1704
3855,1704
3856,499
3857,1365
3858,441
3859,440
3860,427
3861,424
3862,427
3863,10703
3864,10723
3865,10740
3866,10234
3867,10323
3868,10263
3869,10203
3870,10503
3871,10522
3872,891
3873,888
3874,889
3875,896
3876,883
3877,884
3878,293
3879,750
3880,758
3881,751
3882,753
3883,755
3884,1523
3885,1524
3886,1530
3887,447
3888,449
3889,449
3890,461
3891,461
3892,461
3893,1447
3894,1446
3895,1448
3896,11779
3897,11771
3898,11783
3899,11784
3900,11786
3901,11557
3902,808
3903,11558
3904,11590
3905,846
3906,848
3907,1065
3908,842
3909,851
3910,1064
3911,1064
3912,1068
3913,1068
3914,327
3915,326
3916,329
3917,326
3918,322
3919,343
3920,343
3921,344
3922,344
3923,1612
3924,1605
3925,1605
3926,1558
3927,1558
3928,1560
3929,380
3930,380
3931,380
3932,1119
3933,1118
3934,1138
3935,414
3936,966
3937,965
3938,1417
3939,1411
3940,1415
3941,1435
3942,1426
3943,1430
3944,313
3945,316
3946,597
3947,599
3948,603
3949,607
3950,625
3951,256
3952,632
3953,11729
3954,11727
3955,11620
3956,11635
3957,11636
3958,12025
3959,581
3960,578
3961,583
3962,657
3963,658
3964,657
3965,674
3966,670
3967,672
3968,683
3969,683
3970,686
3971,689
3972,688
3973,697
3974,11891
3975,728
3976,11898
3977,743
3978,740
3979,739
3980,11911
3981,265
3982,266
3983,11390
3984,11393
3985,11430
3986,11367
3987,11304
3988,11320
3989,11318
3990,11321
3991,11801
3992,11857
3993,11834
3994,797
3995,914
3996,361
3997,355
3998,368
3999,375
4000,358
4001,354
4002,357
4003,944
4004,1346
4005,1345
4006,1351
4007,1687
4008,1691
4009,1687
4010,465
4011,464
4012,466
4013,509
4014,498
4015,510
4016,1141
4017,1144
4018,1144
4019,435
4020,435
4021,434
4022,1371
4023,1371
4024,1374
4025,1470
4026,1475
4027,1477
4028,1475
4029,1485
4030,1494
4031,1490
4032,1491
4033,1497
4034,594
4035,251
4036,255
4037,264
4038,254
4039,262
4040,627
4041,262
4042,627
4043,626
4044,629
4045,636
4046,619
4047,620
4048,11468
4049,620
4050,661
4051,11597
4052,11500
4053,11599
4054,11615
4055,661
4056,660
4057,12012
4058,659
4059,11935
4060,11959
4061,11613
4062,11983
4063,12001
4064,10328
4065,10927
4066,10942
4067,10920
4068,11151
4069,11127
4070,11096
4071,11133
4072,11173
4073,11814
4074,11814
4075,871
4076,11816
4077,11821
4078,877
4079,868
4080,876
4081,881
4082,11824
4083,814
4084,877
4085,815
4086,818
4087,907
4088,907
4089,906
4090,915
4091,915
4092,915
4093,364
4094,929
4095,931
4096,931
4097,716
4098,715
4099,719
4100,715
4101,722
4102,723
4103,747
4104,747
4105,748
4106,1326
4107,1327
4108,1327
4109,1335
4110,1334
4111,1334
4112,1541
4113,1536
4114,1541
4115,452
4116,450
4117,458
4118,468
4119,489
4120,468
4121,492
4122,485
4123,478
4124,471
4125,494
4126,494
4127,1712
4128,1710
4129,1712
4130,1710
4131,1710
4132,1714
4133,1713
4134,1715
4135,1715
4136,1458
4137,1460
4138,1450
4139,636
4140,636
4141,640
4142,640
4143,11739
4144,11775
4145,638
4146,638
4147,639
4148,11730
4149,11733
4150,11744
4151,11749
4152,11752
4153,11454
4154,11642
4155,11451
4156,11460
4157,11443
4158,11441
4159,10367
4160,10359
4161,10379
4162,10441
4163,11786
4164,11564
4165,11571
4166,11579
4167,11394
4168,11405
4169,11586
4170,11581
4171,12003
4172,809
4173,831
4174,831
4175,829
4176,836
4177,839
4178,853
4179,852
4180,853
4181,855
4182,854
4183,854
4184,863
4185,864
4186,864
4187,996
4188,997
4189,1001
4190,325
4191,324
4192,323
4193,337
4194,336
4195,333
4196,1042
4197,1043
4198,1043
4199,1532
4200,1533
4201,1535
4202,1528
4203,1528
4204,1528
4205,1549
4206,1551
4207,1551
4208,1634
4209,1712
4210,1712
4211,1067
4212,1069
4213,387
4215,382
4216,386
4217,1071
4218,1070
4219,390
4220,381
4221,381
4222,379
4223,931
4224,931
4225,940
4226,1095
4227,942
4228,1096
4229,936
4230,934
4231,933
4232,399
4233,949
4234,949
4235,408
4236,413
4237,413
4238,1224
4239,1225
4240,1225
4241,1258
4242,1258
4243,1259
4244,1260
4245,1259
4246,1261
4247,1160
4248,1161
4249,1163
4250,1511
4251,1509
4252,1514
4253,426
4254,429
4255,1399
4256,419
4257,432
4258,1405
4259,1378
4260,1377
4261,1381
4262,1413
4263,1407
4264,1407
4265,1437
4266,1436
4267,1438
4268,1565
4269,1575
4270,1577
4271,1577
4272,1576
4273,1419
4274,1572
4275,1520
4276,1586
4277,1620
4278,1620
4279,1619
4280,1587
4281,1592
4282,1592
4283,1594
4284,1628
4285,514
4286,1643
4287,518
4288,522
4289,512
4290,514
4291,520
4292,525
4293,527
4294,529
4295,533
4296,533
4297,534
4298,538
4299,537
4300,539
4301,545
4302,545
4303,547
4304,545
4305,547
4306,546
4307,590
4308,585
4309,584
4310,552
4311,551
4312,555
4313,554
4314,303
4315,307
4316,313
4317,310
4318,315
4319,303
4320,557
4321,560
4322,561
4323,580
4324,579
4325,569
4326,567
4327,596
4328,562
4329,582
4330,582
4331,595
4332,616
4333,618
4334,249
4335,246
4336,253
4337,11693
4338,11693
4339,11696
4340,11701
4341,11699
4342,11727
4343,11698
4344,11684
4345,11686
4346,11685
4347,11476
4348,11470
4349,11691
4350,11479
4351,11548
4352,11619
4353,12020
4354,11622
4355,10641
4356,10681
4357,10695
4358,10664
4359,10671
4360,10872
4361,573
4362,573
4363,574
4364,572
4365,570
4366,577
4367,642
4368,642
4369,642
4370,641
4371,646
4372,645
4373,643
4374,645
4375,645
4376,577
4377,643
4378,668
4379,665
4380,662
4381,664
4382,663
4383,664
4384,11917
4385,648
4386,650
4387,647
4388,651
4389,652
4390,652
4391,680
4392,680
4393,691
4394,695
4395,692
4396,704
4397,11937
4398,11923
4399,11973
4400,701
4401,700
4402,700
4403,730
4404,730
4405,744
4406,708
4407,705
4408,714
4409,288
4410,299
4411,292
4412,737
4413,287
4414,284
4415,297
4416,293
4417,761
4418,279
4419,761
4420,759
4421,10131
4422,11664
4423,10457
4424,10466
4425,10578
4426,10624
4427,11347
4428,11265
4429,11251
4430,10592
4431,10596
4432,10599
4433,11165
4434,11860
4435,11828
4436,11224
4437,11827
4438,11844
4439,11274
4440,11280
4441,11312
4442,11848
4443,11854
4444,11855
4445,816
4446,817
4447,817
4448,11878
4449,11888
4450,11874
4451,11870
4452,766
4453,766
4454,769
4455,769
4456,775
4457,271
4458,270
4459,270
4460,371
4461,370
4462,373
4463,905
4464,904
4465,921
4466,901
4467,1011
4468,918
4469,921
4470,916
4471,923
4472,376
4473,954
4474,954
4475,1229
4476,1228
4477,1229
4478,1228
4479,1227
4480,1227
4481,1239
4482,1244
4483,1248
4484,1206
4485,1203
4486,1211
4487,1673
4488,1672
4489,1673
4490,1310
4491,1309
4492,1314
4493,1305
4494,447
4495,447
4496,1357
4497,1361
4498,1362
4499,1691
4500,1692
4501,1694
4502,1696
4503,1696
4504,1696
4505,486
4506,487
4507,475
4508,473
4509,496
4510,495
4511,496
4514,501
4515,504
4516,501
4517,503
4518,499
4519,510
4520,10831
4521,10843
4522,10850
4523,416
4524,420
4525,433
4526,11510
4527,11517
4528,11518
4529,11607
4530,12014
4531,11617
4532,11003
4533,11038
4534,11032
4535,11739
4536,11739
4537,11773
4538,323
4540,320
4541,314
4542,566
4543,567
4544,261
4545,257
4546,257
4547,11724
4548,11711
4549,11712
4550,11633
4551,12023
4552,11640
4553,11990
4554,11989
4555,727
4556,735
4557,736
4558,736
4559,267
4560,267
4561,269
4562,10422
4563,10404
4564,10416
4565,11236
4566,11237
4567,11240
4568,11832
4569,11833
4570,11837
4571,1677
4572,1677
4573,1680
4574,10706
4575,10711
4576,10729
4577,10238
4578,10254
4579,10250
4580,10475
4581,10479
4582,10515
4583,893
4584,895
4585,899
4586,329
4587,330
4588,330
4589,1438
4590,1434
4591,1434
4592,625
4593,625
4594,630
4595,689
4596,687
4597,697
4598,11894
4599,11896
4600,11895
4601,11402
4602,11422
4603,11425
4604,11371
4605,11306
4606,11320
4607,11789
4608,11790
4609,11811
4610,364
4611,360
4612,364
4613,350
4614,368
4615,351
4616,1492
4617,1491
4618,1498
4619,11478
4620,11466
4621,11490
4622,10269
4623,10270
4624,10274
4625,11595
4626,12011
4627,12012
4628,12009
4629,11933
4630,11959
4631,11997
4632,11996
4633,11998
4634,10337
4635,10934
4636,10936
4637,11078
4638,11084
4639,11125
4640,11199
4641,11171
4642,11159
4643,450
4644,450
4645,450
4646,492
4647,493
4648,493
4649,1713
4650,1713
4651,1714
4652,11731
4653,11731
4654,11744
4655,11767
4656,11768
4657,11768
4658,11451
4659,11451
4660,11459
4661,11462
4662,11464
4663,11465
4664,11556
4665,11565
4666,11566
4667,11577
4668,11580
4669,11580
4670,840
4671,837
4672,841
4673,326
4674,324
4675,319
4676,338
4677,332
4678,334
4679,393
4680,393
4681,384
4682,388
4683,386
4684,386
4685,1071
4686,1070
4687,390
4688,397
4689,397
4690,402
4691,1512
4692,1509
4693,1513
4694,512
4695,511
4696,521
4697,552
4698,555
4699,555
4700,554
4701,304
4702,307
4703,313
4704,313
4705,316
4706,249
4707,248
4708,252
4709,11620
4710,11622
4711,11622
4712,10643
4713,10687
4714,10686
4715,10887
4716,10891
4717,10879
4718,11946
4719,11972
4720,11971
4721,740
4722,737
4723,281
4724,280
4725,280
4726,759
4727,10121
4728,10129
4729,10111
4730,10474
4731,10634
4732,10640
4733,11343
4734,11346
4735,11375
4736,10595
4737,10603
4738,10608
4739,11206
4740,11206
4741,11207
4742,11228
4743,11842
4744,11847
4745,11289
4746,11280
4747,11302
4748,820
4749,822
4750,823
4751,917
4752,920
4753,917
4754,1228
4755,1228
4756,1230
4757,1695
4758,1696
4759,1696
4760,486
4761,487
4762,490
4763,479
4764,481
4765,495
4766,10779
4767,10756
4768,10766
4769,10713
4770,10715
4771,10215
4772,10217
4773,10224
4774,10160
4775,614
4776,613
4777,620
4778,11908
4779,11909
4780,11914
4781,11906
4782,11904
4783,11911
4784,11433
4785,11425
4786,11436
4787,11435
4788,11373
4789,11787
4790,364
4791,364
4792,365
4793,365
4794,352
4795,362
4796,362
4797,362
4798,362
4799,1286
4800,1284
4801,1288
4802,444
4803,434
4804,418
4805,11481
4806,11492
4807,11507
4808,11493
4809,11493
4810,11500
4811,11522
4812,11523
4813,11521
4814,11603
4815,12013
4816,11609
4817,11611
4818,11594
4819,11612
4820,11611
4821,11999
4822,11999
4823,10997
4824,10959
4825,11026
4826,11103
4827,11071
4828,11091
4829,11179
4830,11180
4831,11196
4832,455
4833,451
4834,456
4835,11758
4836,11760
4837,11772
4838,11453
4839,11460
4840,11461
4841,11457
4842,11458
4843,10359
4844,11560
4845,12006
4846,11584
4847,11573
4848,11586
4849,12005
4850,833
4851,829
4852,834
4853,844
4854,844
4855,844
4856,340
4857,341
4858,346
4859,342
4860,339
4861,339
4862,1549
4863,1549
4864,1549
4865,389
4866,389
4867,389
4868,405
4869,405
4870,408
4871,1166
4872,1169
4873,1170
4874,542
4875,555
4876,555
4877,305
4878,560
4879,559
4880,254
4881,241
4882,260
4883,244
4884,253
4885,259
4886,11699
4887,11703
4888,11705
4889,11704
4890,11692
4891,11691
4892,11714
4893,11715
4894,11720
4895,11622
4896,12022
4897,11634
4898,11623
4899,10690
4900,11626
4901,11639
4902,11644
4903,11644
4904,11978
4905,11978
4906,11988
4907,11977
4908,11977
4909,726
4910,278
4911,274
4912,267
4913,274
4914,279
4915,276
4916,267
4917,280
4918,269
4919,10113
4920,10461
4921,10451
4922,11672
4923,10101
4924,11329
4925,11358
4926,11333
4927,11355
4928,10621
4929,10623
4930,10623
4931,11212
4932,11216
4933,11214
4934,11237
4935,11239
4936,11241
4937,11316
4938,11314
4939,11314
4940,11314
4941,11313
4942,824
4943,488
4944,488
4945,491
4946,1370
4947,442
4948,424
4949,443
4950,443
4951,417
4952,425
4953,415
4954,429
4955,11533
4956,11532
4957,10721
4958,11527
4959,10277
4960,10287
4961,10718
4962,10247
4963,10242
4964,10281
4965,10296
4966,10305
4967,10293
4968,11618
4969,10316
4970,10257
4971,10339
4972,10974
4973,10493
4974,10490
4975,10478
4976,10999
4977,10988
4978,10969
4979,10520
4980,10533
4981,10528
4982,887
4983,882
4984,896
4985,447
4986,456
4987,449
4988,326
4989,319
4990,322
4991,319
4992,321
4993,330
4994,330
4995,337
4996,343
4997,343
4998,340
4999,344
5000,1604
5001,1611
5002,1605
5003,1422
5004,1426
5005,1425
5006,601
5007,601
5008,602
5009,604
5010,609
5011,608
5012,683
5013,684
5014,684
5015,686
5016,686
5017,685
5018,724
5019,724
5020,725
5021,11896
5022,11899
5023,11900
5024,11912
5025,11902
5026,265
5027,11902
5028,278
5029,278
5030,11386
5031,11388
5032,11421
5033,11362
5034,11364
5035,11370
5036,11429
5037,11372
5038,11372
5039,11382
5040,11383
5041,11367
5042,11254
5043,11264
5044,11285
5045,11307
5046,11307
5047,11309
5048,11318
5049,11319
5050,11790
5051,11321
5052,11321
5053,11321
5054,11793
5055,11793
5056,11795
5057,914
5058,366
5059,366
5060,360
5061,353
5062,349
5063,368
5064,367
5065,367
5066,347
5067,354
5068,356
5069,505
5070,498
5071,498
5072,510
5073,506
5074,510
5075,1134
5076,1135
5077,1146
5078,251
5079,251
5080,242
5081,254
5082,254
5083,254
5084,11595
5085,11595
5086,11596
5087,11494
5088,11498
5089,11501
5090,11598
5091,11598
5092,11600
5093,11601
5094,11602
5095,12016
5096,12011
5097,12009
5098,11593
5099,659
5100,11931
5101,11932
5102,11931
5103,11937
5104,11936
5105,11959
5106,11957
5107,11963
5108,11592
5109,11961
5110,11996
5111,11979
5112,11980
5113,11985
5114,11993
5115,11991
5116,11992
5117,12017
5118,12019
5119,12019
5120,10906
5121,10906
5122,10924
5123,10943
5124,11077
5125,11076
5126,10914
5127,11139
5128,11138
5129,12001
5130,11993
5131,11157
5132,11158
5133,11158
5134,11908
5135,11116
5136,11058
5137,11168
5138,11131
5139,11130
5140,11134
5141,11169
5142,11136
5143,11863
5144,11811
5145,11815
5146,11820
5147,11821
5148,11798
5149,11825
5150,452
5151,452
5152,450
5153,450
5154,450
5155,458
5156,492
5157,484
5158,492
5159,484
5160,476
5161,477
5162,478
5163,479
5164,494
5165,1713
5166,1713
5167,1715
5168,1459
5169,1459
5170,1460
5171,638
5172,638
5173,639
5174,12026
5175,12026
5176,11642
5177,11732
5178,11451
5179,11452
5180,11742
5181,11744
5182,11749
5183,11746
5184,11453
5185,11453
5186,11641
5187,11642
5188,11451
5189,11643
5190,11645
5191,11446
5192,11447
5193,11462
5194,11456
5195,10882
5196,10883
5197,11441
5198,10863
5199,10854
5200,10868
5201,11442
5202,10364
5203,10369
5204,11463
5205,10350
5206,10352
5207,10371
5208,10378
5209,10375
5210,10430
5211,10423
5212,10432
5213,11565
5214,11574
5215,11571
5216,10398
5217,10401
5218,11580
5219,10412
5220,11384
5221,11398
5222,11406
5223,11402
5224,11414
5225,11578
5226,11581
5227,11581
5228,11581
5229,11416
5230,11416
5231,829
5232,835
5233,835
5234,323
5235,323
5236,323
5237,318
5238,331
5239,336
5240,336
5242,335
5243,335
5244,335
5245,339
5246,395
5247,1071
5248,387
5250,383
5251,388
5252,385
5253,385
5254,382
5255,389
5256,389
5257,381
5258,936
5259,936
5260,932
5261,934
5262,399
5263,399
5264,933
5265,404
5266,405
5267,400
5268,949
5269,401
5270,402
5271,402
5272,413
5273,1564
5274,1563
5275,1567
5276,1574
5277,1579
5278,1579
5279,1642
5280,512
5281,522
5282,513
5283,513
5284,514
5285,531
5286,538
5287,537
5288,535
5289,536
5290,552
5291,539
5292,552
5293,552
5294,545
5295,543
5296,543
5297,547
5298,546
5299,546
5300,590
5301,587
5302,590
5303,550
5304,551
5305,552
5306,551
5307,551
5308,554
5309,555
5310,554
5311,553
5312,304
5313,303
5314,306
5315,311
5316,309
5317,313
5318,307
5319,305
5320,308
5321,315
5322,314
5323,315
5324,248
5325,247
5326,253
5327,11728
5328,11725
5329,11725
5330,11511
5331,11511
5332,11544
5333,11723
5334,11720
5335,10641
5336,12020
5337,10642
5338,10689
5339,11717
5340,11555
5341,10645
5342,11554
5343,11546
5344,10700
5345,10675
5346,10653
5347,10781
5348,10692
5349,10694
5350,10669
5351,10784
5352,10784
5353,10799
5354,10873
5355,10816
5356,10859
5357,11937
5358,11925
5359,11925
5360,738
5361,296
5362,285
5363,279
5364,761
5365,761
5366,10853
5367,10142
5368,10130
5369,10147
5370,10152
5371,10007
5372,10083
5373,10080
5374,10096
5375,10514
5376,10517
5377,10570
5378,10548
5379,10553
5380,10587
5381,10629
5382,10590
5383,10626
5384,10611
5385,10613
5386,11348
5387,10614
5388,10627
5389,11267
5390,11350
5391,11247
5392,11252
5393,10543
5394,10543
5395,10601
5396,11013
5397,11188
5398,11177
5399,10597
5400,11205
5401,11205
5402,11163
5403,11162
5404,11859
5405,11860
5406,11861
5407,11861
5408,11877
5409,11877
5410,11876
5411,11231
5412,11207
5413,11827
5414,11827
5415,11828
5416,11830
5417,11841
5418,11840
5419,11852
5420,11270
5421,11275
5422,11278
5423,11276
5424,11848
5425,11848
5426,11282
5427,11282
5428,11313
5429,11849
5430,11850
5431,11854
5432,11851
5433,11852
5434,11856
5435,11863
5436,11880
5437,11878
5438,11881
5439,11882
5440,11884
5441,11886
5442,11885
5443,11872
5444,904
5445,917
5446,921
5447,921
5448,917
5449,922
5450,918
5451,918
5452,919
5453,1232
5454,1240
5455,1241
5456,1673
5457,1674
5458,1673
5459,1356
5460,1356
5461,1357
5462,487
5463,487
5464,487
5465,487
5466,487
5467,475
5468,476
5469,472
5470,481
5471,496
5472,496
5473,482
5474,482
5475,482
5476,482
5477,504
5478,502
5479,502
5480,10826
5481,10847
5482,10847
5483,416
5484,430
5485,419
5486,11512
5487,11514
5488,11518
5489,11005
5490,11031
5491,11034
5492,320
5493,320
5494,320
5495,10406
5496,10413
5497,10417
5498,10768
5499,10774
5500,10774
5501,10240
5502,10252
5503,10253
5504,10476
5505,10507
5506,10512
5507,348
5508,350
5509,347
5510,10944
5511,10933
5512,10947
5513,11079
5514,11083
5515,11085
5516,11203
5517,11171
5518,11160
5519,11577
5520,11577
5521,11578
5522,338
5523,334
5524,334
5525,397
5526,397
5527,402
5528,512
5529,512
5530,523
5531,242
5532,251
5533,242
5534,10685
5535,10687
5536,10686
5537,10897
5538,10893
5539,10898
5540,11955
5541,11970
5542,11971
5543,10118
5544,10124
5545,10110
5546,10638
5547,10640
5548,10640
5549,11339
5550,11352
5551,11375
5552,10586
5553,10607
5554,10608
5555,11843
5556,11843
5557,11847
5558,11295
5559,11299
5560,11296
5561,479
5562,481
5563,481
5564,10794
5565,10760
5566,10803
5567,10714
5568,10209
5569,10210
5570,10169
5571,10169
5572,10170
5573,11604
5574,11605
5575,11608
5576,10995
5577,11027
5578,11029
5579,11113
5580,11115
5581,11090
5582,11041
5583,11183
5584,11185
5585,11759
5586,11759
5587,11773
5588,1604
5589,1604
5590,1604
5591,11624
5592,11625
5593,11627
5594,277
5595,277
5596,286
5597,10462
5598,10464
5599,10463
5600,11322
5601,11322
5602,11326
5603,11360
5604,11354
5605,11356
5606,424
5607,417
5608,422
5609,11535
5610,11531
5611,10720
5612,11527
5613,10287
5614,10287
5615,10738
5616,10739
5617,10741
5618,10283
5619,10282
5620,10301
5621,10308
5622,10312
5623,10317
5624,10262
5625,10264
5626,10972
5627,10480
5628,10488
5629,10478
5630,10960
5631,10966
5632,10967
5633,10521
5634,10532
5635,10536
5636,322
5637,322
5638,322
5639,11896
5640,11897
5641,11905
5642,11393
5643,11365
5644,11393
5645,11382
5646,11382
5647,11367
5648,11254
5649,11256
5650,11303
5651,361
5652,361
5653,361
5654,360
5655,349
5656,355
5657,11601
5658,11615
5659,11615
5660,11982
5661,11983
5662,11983
5663,12017
5664,12018
5665,12018
5666,10921
5667,10906
5668,10924
5669,10943
5670,11061
5671,11069
5672,10915
5673,11137
5674,11137
5675,11119
5676,11124
5677,11168
5678,478
5679,478
5680,478
5681,11643
5682,11645
5683,11445
5684,11459
5685,11455
5686,11455
5687,11443
5688,11444
5689,11444
5690,10864
5691,10862
5692,10865
5693,10365
5694,10367
5695,10367
5696,11405
5697,11405
5698,11405
5699,317
5700,336
5701,336
5702,336
5703,336
5704,335
5705,335
5706,335
5707,335
5708,394
5709,394
5710,387
5712,384
5713,388
5714,382
5715,385
5716,382
5717,388
5718,389
5719,380
5720,934
5721,399
5722,399
5723,400
5724,399
5725,398
5726,513
5727,513
5728,511
5729,309
5730,308
5731,308
5732,315
5733,315
5734,315
5735,11548
5736,11548
5737,11543
5738,11719
5739,11717
5740,10644
5741,11550
5742,11542
5743,10682
5744,10695
5745,10655
5746,10696
5747,10664
5748,10664
5749,10664
5750,10795
5751,10795
5752,10801
5753,10873
5754,10818
5755,10822
5756,10857
5757,10138
5758,10133
5759,10143
5760,10148
5761,10032
5762,10127
5763,10088
5764,11667
5765,10565
5766,10568
5767,10568
5768,10557
5769,10555
5770,11678
5771,10631
5772,10632
5773,10624
5774,10611
5775,10611
5776,11347
5777,10614
5778,10615
5779,10615
5780,11251
5781,11246
5782,11252
5783,10542
5784,10542
5785,10600
5786,11015
5787,11175
5788,11175
5789,11223
5790,11222
5791,11226
5792,11845
5793,11845
5794,11851
5795,11890
5796,11883
5797,11886
5798,916
5799,919
5800,919
5801,475
5802,475
5803,475
5804,476
5805,476
5806,481
5807,10803
5808,10803
5809,10833
5810,10743
5811,10746
5812,10750
5813,10849
5814,10169
5815,10168
5816,416
5817,421
5818,430
5819,418
5820,418
5821,420
5822,11510
5823,11515
5824,11515
5825,11518
5826,11518
5827,11524
5828,11607
5829,11610
5830,12015
5831,11614
5832,11614
5833,12014
5834,12015
5835,12014
5836,12015
5837,11019
5838,11008
5839,11007
5840,11010
5841,11012
5842,11036
5843,11032
5844,11038
5845,11040
5846,11710
5847,11710
5848,11711
5849,11712
5850,11713
5851,11713
5852,12027
5853,12027
5854,12027
5855,10422
5856,10421
5857,10404
5858,10405
5859,11324
5860,11357
5861,10414
5862,11357
5863,11361
5864,10705
5865,10703
5866,10710
5867,10721
5868,10717
5869,10724
5870,10728
5871,10733
5872,10733
5873,10235
5874,10236
5875,10237
5876,10306
5877,10322
5878,10256
5879,10253
5880,10259
5881,10251
5882,10179
5883,10478
5884,10487
5885,10484
5886,10496
5887,10498
5888,10509
5889,10521
5890,10522
5891,11421
5892,11426
5893,11426
5894,11371
5895,11367
5896,11367
5897,11810
5898,11809
5899,11807
5900,351
5901,351
5902,357
5903,1493
5904,1490
5905,1492
5906,10329
5907,10329
5908,10934
5909,10330
5910,10927
5911,10927
5912,10933
5913,10939
5914,10940
5915,10926
5916,11147
5917,11083
5918,11147
5919,11149
5920,11148
5921,11096
5922,11172
5923,11172
5924,11168
5925,11170
5926,11170
5927,11174
5928,11174
5929,11159
5930,11444
5931,11444
5932,11464
5933,840
5934,838
5935,840
5936,337
5937,336
5938,338
5939,336
5940,336
5941,336
5942,332
5943,332
5944,333
5945,393
5946,395
5947,387
5948,388
5949,388
5950,388
5951,386
5952,386
5953,386
5954,398
5955,398
5956,397
5957,398
5958,401
5959,401
5960,512
5961,512
5962,512
5963,511
5964,511
5965,521
5966,313
5967,301
5968,301
5969,10647
5970,10647
5971,10687
5972,10646
5973,10676
5974,10677
5975,10687
5976,10688
5977,10695
5978,10887
5979,10892
5980,10892
5981,10669
5982,10670
5983,10890
5984,10894
5985,10875
5986,10876
5987,11946
5988,11942
5989,11942
5990,10121
5991,10123
5992,10124
5993,11663
5994,10135
5995,10128
5996,10127
5997,10127
5998,10457
5999,10469
6000,10471
6001,10637
6002,10572
6003,10575
6004,10629
6005,10635
6006,10636
6007,10610
6008,11347
6009,11342
6010,11342
6011,11348
6012,11349
6013,11350
6014,11353
6015,11350
6016,11377
6017,10592
6018,10602
6019,10605
6020,10602
6021,10596
6022,10596
6023,10607
6024,10598
6025,10598
6026,11228
6027,11227
6028,11842
6029,11842
6030,11841
6031,11841
6032,11842
6033,11844
6034,11844
6035,11289
6036,11293
6037,11293
6038,473
6039,481
6040,481
6041,481
6042,481
6043,495
6044,10775
6045,10775
6046,10753
6047,10755
6048,10735
6049,10736
6050,10758
6051,10713
6052,10716
6053,10737
6054,10742
6055,10715
6056,10715
6057,10227
6058,10229
6059,10214
6060,10194
6061,10200
6062,10217
6063,10221
6064,10220
6065,10222
6066,10177
6067,10175
6068,10173
6069,10175
6070,10166
6071,364
6072,355
6073,352
6074,349
6075,349
6076,352
6077,352
6078,347
6079,362
6080,11609
6081,11609
6082,11611
6083,10982
6084,10950
6085,10954
6086,10951
6087,10952
6088,11099
6089,11108
6090,11110
6091,11011
6092,11065
6093,11069
6094,11046
6095,11076
6096,11075
6097,11052
6098,11049
6099,11116
6100,11093
6101,11090
6102,11178
6103,11179
6104,11180
6105,11094
6106,11192
6107,11195
6108,11194
6109,11204
6110,455
6111,455
6112,456
6113,11757
6114,11756
6115,11760
6116,11755
6117,11753
6118,11754
6119,11765
6120,11766
6121,11769
6122,11562
6123,11569
6124,11569
6125,11573
6126,11573
6127,11586
6128,11573
6129,11576
6130,11576
6131,828
6132,828
6133,844
6134,334
6135,334
6136,341
6137,341
6138,333
6139,342
6140,243
6141,243
6142,254
6143,243
6144,244
6145,244
6146,241
6147,258
6148,258
6149,11706
6150,11715
6151,11715
6152,12021
6153,12021
6154,11623
6155,10690
6156,10691
6157,10690
6158,11625
6159,10663
6160,10663
6161,11628
6162,10886
6163,10886
6164,11644
6165,10888
6166,10888
6167,282
6168,281
6169,274
6170,277
6171,277
6172,277
6173,281
6174,275
6175,275
6176,276
6177,279
6178,280
6179,286
6180,286
6181,286
6182,10113
6183,10115
6184,10461
6185,10459
6186,10458
6187,10447
6188,10449
6189,11323
6190,11323
6191,10456
6192,10103
6193,10452
6194,10096
6195,10097
6196,10099
6197,10100
6198,10099
6199,11329
6200,11325
6201,11325
6202,11359
6203,11332
6204,11332
6205,11334
6206,11354
6207,11339
6208,11379
6209,10616
6210,10617
6211,10622
6212,10619
6213,11210
6214,11213
6215,11215
6216,11235
6217,11217
6218,11219
6219,11219
6220,11220
6221,11239
6222,11228
6223,11239
6224,11244
6225,11244
6226,11245
6227,417
6228,417
6229,417
6230,425
6231,422
6232,415
6233,422
6234,416
6235,416
6236,11537
6237,11533
6238,11536
6239,11524
6240,11524
6241,11528
6242,11530
6243,11528
6244,10723
6245,11525
6246,11525
6247,10275
6248,10287
6249,10285
6250,10232
6251,10718
6252,10245
6253,10719
6254,10247
6255,10248
6256,10247
6257,10241
6258,10243
6259,10226
6260,10290
6261,10290
6262,10288
6263,10298
6264,10326
6265,10324
6266,11615
6267,11615
6268,10311
6269,11616
6270,11616
6271,11618
6272,10313
6273,11618
6274,10328
6275,10322
6276,10321
6277,10265
6278,10338
6279,10334
6280,10335
6281,10340
6282,10342
6283,10342
6284,10206
6285,10184
6286,10494
6287,10186
6288,10251
6289,10490
6290,10489
6291,10501
6292,10502
6293,10972
6294,10972
6295,10985
6296,10977
6297,10977
6298,10990
6299,10987
6300,10992
6301,11022
6302,10499
6303,10537
6304,10531
6305,11016
6306,11019
6307,11021
6308,10533
6309,10529
6310,10530
6311,319
6312,318
6313,318
6314,317
6315,317
6316,337
6317,604
6318,604
6319,604
6320,11391
6321,11392
6322,11392
6323,11362
6324,11363
6325,11365
6326,11364
6327,11379
6328,11380
6329,11369
6330,11380
6331,11370
6332,11370
6333,11370
6334,11372
6335,11374
6336,11375
6337,11383
6338,11377
6339,11253
6340,11254
6341,11383
6342,11255
6343,11255
6344,11260
6345,11263
6346,11262
6347,11264
6348,11270
6349,11271
6350,11285
6351,11285
6352,11285
6353,11286
6354,11287
6355,11290
6356,11308
6357,11292
6358,11310
6359,360
6360,361
6361,353
6362,353
6363,350
6364,348
6365,349
6366,348
6367,349
6368,347
6369,354
6370,354
6371,505
6372,505
6373,498
6374,498
6375,498
6376,498
6377,498
6378,498
6379,506
6380,242
6381,242
6382,243
6383,243
6384,243
6385,254
6386,11602
6387,11606
6388,11602
6389,11935
6390,11947
6391,11948
6392,11958
6393,11950
6394,11965
6395,11961
6396,11961
6397,11980
6398,11964
6399,11965
6400,11968
6401,11616
6402,11617
6403,12018
6404,11617
6405,12019
6406,10907
6407,12019
6408,10907
6409,10927
6410,10904
6411,10905
6412,10906
6413,10900
6414,10901
6415,10912
6416,10916
6417,10917
6418,10924
6419,10928
6420,10930
6421,10930
6422,10924
6423,10926
6424,11078
6425,11062
6426,11077
6427,11072
6428,10909
6429,10910
6430,11139
6431,11138
6432,11138
6433,11149
6434,11082
6435,11088
6436,11057
6437,11088
6438,11132
6439,11059
6440,11055
6441,11060
6442,11060
6443,11811
6444,11804
6445,11818
6446,11800
6447,11799
6448,11822
6449,484
6450,474
6451,476
6452,476
6453,476
6454,477
6455,477
6456,477
6457,478
6458,477
6459,479
6460,479
6461,478
6462,479
6463,479
6464,11640
6465,11640
6466,11643
6467,11643
6468,11645
6469,11645
6470,11645
6471,10889
6472,10889
6473,11645
6474,11443
6475,11446
6476,11445
6477,11445
6478,11448
6479,11450
6480,11450
6481,11462
6482,11456
6483,11462
6484,11458
6485,10889
6486,10881
6487,10882
6488,10880
6489,10870
6490,10885
6491,11439
6492,11440
6493,11441
6494,10858
6495,10858
6496,10862
6497,10860
6498,10852
6499,10852
6500,10868
6501,10857
6502,10869
6503,11442
6504,10866
6505,10361
6506,10344
6507,10119
6508,10345
6509,10363
6510,10117
6511,10116
6512,10368
6513,10112
6514,10112
6515,10432
6516,10424
6517,10410
6518,11408
6519,11410
6520,11409
6521,11411
6522,11412
6523,11418
6524,11416
6525,11416
6526,11416
6527,323
6528,323
6529,318
6530,318
6531,320
6532,331
6533,320
6534,331
6535,336
6536,336
6537,336
6538,336
6539,336
6540,335
6541,335
6542,335
6543,335
6544,335
6545,392
6546,392
6547,391
6548,396
6549,384
6550,384
6551,384
6552,387
6553,383
6554,383
6555,383
6556,388
6557,387
6558,385
6559,385
6560,385
6561,389
6562,389
6563,382
6564,389
6565,389
6566,389
6567,389
6568,389
6569,400
6570,400
6571,400
6572,399
6573,399
6574,399
6575,398
6576,398
6577,397
6578,404
6579,404
6580,405
6581,1567
6582,1569
6583,1569
6584,1574
6585,1573
6586,1580
6587,536
6588,550
6589,550
6590,550
6591,550
6592,550
6593,309
6594,309
6595,301
6596,300
6597,300
6598,300
6599,11511
6600,11484
6601,11511
6602,11511
6603,11512
6604,11545
6605,10684
6606,10684
6607,10684
6608,11553
6609,11554
6610,11554
6611,11555
6612,11555
6613,10673
6614,11554
6615,11547
6616,11552
6617,11547
6618,11545
6619,11546
6620,11541
6621,11541
6622,10702
6623,10672
6624,10650
6625,10651
6626,10683
6627,10708
6628,10709
6629,10787
6630,10767
6631,10769
6632,10691
6633,10691
6634,10692
6635,10693
6636,10693
6637,10694
6638,10666
6639,10667
6640,10670
6641,10698
6642,10785
6643,10784
6644,10785
6645,10788
6646,10789
6647,10797
6648,10802
6649,10803
6650,10800
6651,10801
6652,10813
6653,10807
6654,10809
6655,10817
6656,10824
6657,10826
6658,10826
6659,10852
6660,10836
6661,10853
6662,10840
6663,10168
6664,10143
6665,10138
6666,10139
6667,11664
6668,10168
6669,10171
6670,10150
6671,10162
6672,10157
6673,10156
6674,10027
6675,10024
6676,10039
6677,10064
6678,11661
6679,10082
6680,11648
6681,10055
6682,10077
6683,10079
6684,10095
6685,10097
6686,10514
6687,10519
6688,10513
6689,10516
6690,10523
6691,10564
6692,10561
6693,10560
6694,10574
6695,10524
6696,10526
6697,10550
6698,10527
6699,10530
6700,10546
6701,10547
6702,10546
6703,10588
6704,10583
6705,10584
6706,10632
6707,10589
6708,10593
6709,10594
6710,10585
6711,10586
6712,10586
6713,10639
6714,10639
6715,10611
6716,10612
6717,10614
6718,10614
6719,10611
6720,10614
6721,11349
6722,10614
6723,10625
6724,10627
6725,10626
6726,10628
6727,10628
6728,10615
6729,10621
6730,11267
6731,11266
6732,11268
6733,11246
6734,11268
6735,11268
6736,11249
6737,11248
6738,11250
6739,11250
6740,10539
6741,10539
6742,10543
6743,11042
6744,11045
6745,11013
6746,10542
6747,10542
6748,10596
6749,11182
6750,11187
6751,11190
6752,11186
6753,11197
6754,11166
6755,11176
6756,11165
6757,11177
6758,11204
6759,11160
6760,11163
6761,11162
6762,11159
6763,11859
6764,11230
6765,11207
6766,11222
6767,11831
6768,11832
6769,11839
6770,11846
6771,11839
6772,11853
6773,1674
6774,1676
6775,1675
6776,1673
6777,1675
6778,1673
6779,480
6780,480
6781,480
6782,474
6783,480
6784,472
6785,480
6786,480
6787,496
6788,481
6789,496
6790,481
6791,10204
6792,10204
6793,10182
6794,10504
6795,11680
6796,10505
6797,10946
6798,10947
6799,10948
6800,11952
6801,11954
6802,11967
6803,11113
6804,11114
6805,11090
6806,11322
6807,11322
6808,11322
6809,10307
6810,10307
6811,10323
6812,10198
6813,11683
6814,10477
6815,10962
6816,10961
6817,10963
6818,10521
6819,10534
6820,10525
6821,10139
6822,10031
6823,10050
6824,10106
6825,11666
6826,11667
6827,10565
6828,10568
6829,10466
6830,10557
6831,10579
6832,11678
6833,473
6834,481
6835,473
6836,10815
6837,10827
6838,10833
6839,10830
6840,10744
6841,10844
6842,11004
6843,11006
6844,11005
6845,10249
6846,10237
6847,10239
6848,10254
6849,10254
6850,10254
6851,11681
6852,10479
6853,10479
6854,10509
6855,10515
6856,10515
6857,10111
6858,10108
6859,10105
6860,10474
6861,10474
6862,10474
6863,10473
6864,10473
6865,10634
6866,10640
6867,10609
6868,10610
6869,11376
6870,11377
6871,11377
6872,10593
6873,10604
6874,10604
6875,10779
6876,10778
6877,10780
6878,10763
6879,10758
6880,10716
6881,10214
6882,10194
6883,10216
6884,10224
6885,10177
6886,10177
6887,10172
6888,11652
6889,10161
6890,10997
6891,10997
6892,10998
6893,10959
6894,10952
6895,11097
6896,11026
6897,11109
6898,11026
6899,273
6900,273
6901,273
6902,10461
6903,10461
6904,10447
6905,10455
6906,10455
6907,10453
6908,11358
6909,11359
6910,11359
6911,11354
6912,11336
6913,11379
6914,10257
6915,10258
6916,10265
6917,10491
6918,10492
6919,10495
6920,10983
6921,10984
6922,11000
6923,10986
6924,10978
6925,10988
6926,10968
6927,10991
6928,10991
6929,10520
6930,10520
6931,10520
6932,11018
6933,11021
6934,11020
6935,11062
6936,11072
6937,11076
6938,11117
6939,11117
6940,11121
6941,476
6942,476
6943,476
6944,384
6945,383
6946,383
6947,383
6948,383
6949,388
6950,10653
6951,10660
6952,10661
6953,10785
6954,10783
6955,10797
6956,10799
6957,10799
6958,10804
6959,10873
6960,10811
6961,10873
6962,10808
6963,10808
6964,10816
6965,10137
6966,10137
6967,10137
6968,10146
6969,10146
6970,10149
6971,10157
6972,10157
6973,10152
6974,10034
6975,10038
6976,10038
6977,10065
6978,10065
6979,11665
6980,10069
6981,10072
6982,10072
6983,10079
6984,10092
6985,10097
6986,10514
6987,10514
6988,10514
6989,10517
6990,10517
6991,10564
6992,10569
6993,10571
6994,11676
6995,10548
6996,10549
6997,10551
6998,10544
6999,10545
7000,10553
7001,10587
7002,10587
7003,10588
7004,10583
7005,10583
7006,10632
7007,474
7008,474
7009,474
7010,10832
7011,10834
7012,10834
7013,10834
7014,10842
7015,10842
7016,10252
7017,10252
7018,10252
7019,10476
7020,10476
7021,10507
7022,10507
7023,10508
7024,10508
7025,10512
7026,10509
7027,10509
7028,10944
7029,10944
7030,10945
7031,10947
7032,10949
7033,10949
7034,11945
7035,11945
7036,11953
7037,10638
7038,10638
7039,10638
7040,10637
7041,10637
7042,10637
7043,11338
7044,11345
7045,11351
7046,11345
7047,11352
7048,11352
7049,10595
7050,10607
7051,10608
7052,10607
7053,10606
7054,10607
7055,10793
7056,10761
7057,10760
7058,10762
7059,10759
7060,10762
7061,10760
7062,10760
7063,10765
7064,10998
7065,11104
7066,11027
7067,11029
7068,11030
7069,11030
7070,11100
7071,11112
7072,11114
7073,11115
7074,11049
7075,11049
7076,11115
7077,11049
7078,11091
7079,277
7080,277
7081,277
7082,10464
7083,10464
7084,10449
7085,10463
7086,10450
7087,10450
7088,10454
7089,10454
7090,11322
7091,10453
7092,10452
7093,11322
7094,11322
7095,11327
7096,11328
7097,11357
7098,11358
7099,11360
7100,11354
7101,11354
7102,11354
7103,11355
7104,11355
7105,11356
7106,10301
7107,10301
7108,10302
7109,10294
7110,10309
7111,10309
7112,10193
7113,10480
7114,10480
7115,10482
7116,10482
7117,10478
7118,10960
7119,11000
7120,10961
7121,11000
7122,10965
7123,10965
7124,10967
7125,10967
7126,10967
7127,10520
7128,10531
7129,10535
7130,10535
7131,10536
7132,10526
7133,10943
7134,11061
7135,11062
7136,11063
7137,11062
7138,11062
7139,11119
7140,11124
7141,11124
7142,10681
7143,10682
7144,10682
7145,10675
7146,10655
7147,10655
7148,10655
7149,10655
7150,10655
7151,10796
7152,10796
7153,10799
7154,10133
7155,10130
7156,10130
7157,10147
7158,10147
7159,10147
7160,10148
7161,10148
7162,10030
7163,10030
7164,10034
7165,10049
7166,10084
7167,10085
7168,11666
7169,10082
7170,10086
7171,10089
7172,10088
7173,10091
7174,10091
7175,10465
7176,10565
7177,10565
7178,10567
7179,10566
7180,10568
7181,10568
7182,10568
7183,10568
7184,10558
7185,10557
7186,10557
7187,10552
7188,10554
7189,10556
7190,10580
7191,10580
7192,10580
7193,10631
7194,10632
7195,10632
7196,10632
7197,10633
7198,10633
7199,476
7200,476
7201,476
7202,10803
7203,10765
7204,10829
7205,10827
7206,10830
7207,10833
7208,10747
7209,10748
7210,10743
7211,10716
7212,10211
7213,10752
7214,10752
7215,10752
7216,10752
7217,10842
7218,10844
7219,10850
7220,11025
7221,11025
7222,11025
7223,11030
7224,11030
7225,11009
7226,11009
7227,11011
7228,11012
7229,11324
7230,11323
7231,11324
7232,11324
7233,11324
7234,11357
7235,10235
7236,10235
7237,10236
7238,10302
7239,10302
7240,10304
7241,10237
7242,10237
7243,10254
7244,10304
7245,10305
7246,10306
7247,10255
7248,10255
7249,10255
7250,10255
7251,10260
7252,10260
7253,10259
7254,10262
7255,10261
7256,11668
7257,10477
7258,10486
7259,10484
7260,10495
7261,10496
7262,10497
7263,10497
7264,10520
7265,10479
7266,10498
7267,10510
7268,10498
7269,10520
7270,10521
7271,10939
7272,10939
7273,10941
7274,10120
7275,10122
7276,10121
7277,10122
7278,10122
7279,11663
7280,10124
7281,11663
7282,10126
7283,10130
7284,10134
7285,10129
7286,10134
7287,10135
7288,10064
7289,10129
7290,10129
7291,10083
7292,10127
7293,10084
7294,10127
7295,10108
7296,10106
7297,10457
7298,10468
7299,10467
7300,10469
7301,10467
7302,10472
7303,10472
7304,10637
7305,10473
7306,10637
7307,10572
7308,10573
7309,10573
7310,10573
7311,10576
7312,10575
7313,10577
7314,10577
7315,10629
7316,10635
7317,10635
7318,10636
7319,10636
7320,10630
7321,10630
7322,10609
7323,10609
7324,10609
7325,11346
7326,11350
7327,11353
7328,11353
7329,11353
7330,11377
7331,473
7332,473
7333,473
7334,10778
7335,10754
7336,10753
7337,10226
7338,10227
7339,10227
7340,10228
7341,10206
7342,10190
7343,10208
7344,10212
7345,10213
7346,10189
7347,10191
7348,10191
7349,10194
7350,10196
7351,10201
7352,10222
7353,10223
7354,10177
7355,10178
7356,10180
7357,10181
7358,11652
7359,11653
7360,10158
7361,10957
7362,10957
7363,10956
7364,10940
7365,10941
7366,10953
7367,10952
7368,11102
7369,11102
7370,11105
7371,11099
7372,11110
7373,11100
7374,11100
7375,11110
7376,11110
7377,11113
7378,11113
7379,11076
7380,11076
7381,11076
7382,11072
7383,11080
7384,11080
7385,11053
7386,11053
7387,11116
7388,11050
7389,11050
7390,11092
7391,11178
7392,11180
7393,11180
7394,11765
7395,11766
7396,11766
7397,274
7398,273
7399,274
7400,277
7401,277
7402,277
7403,10114
7404,10114
7405,10115
7406,10115
7407,10461
7408,10461
7409,10459
7410,10459
7411,10459
7412,10457
7413,10457
7414,10458
7415,10458
7416,10458
7417,11673
7418,10447
7419,11673
7420,11322
7421,11323
7422,11322
7423,11323
7424,10456
7425,10456
7426,10455
7427,10104
7428,10096
7429,10103
7430,10452
7431,10452
7432,10452
7433,11329
7434,11331
7435,11331
7436,11359
7437,11325
7438,11354
7439,11334
7440,11334
7441,11334
7442,11354
7443,11337
7444,11336
7445,11340
7446,11340
7447,11340
7448,10295
7449,10295
7450,10326
7451,10325
7452,10325
7453,10323
7454,11615
7455,11618
7456,11618
7457,10327
7458,10327
7459,10328
7460,10323
7461,10323
7462,10321
7463,10318
7464,10319
7465,10320
7466,10319
7467,10333
7468,10333
7469,10206
7470,10183
7471,10183
7472,10187
7473,10188
7474,10999
7475,10490
7476,10490
7477,10501
7478,10501
7479,10503
7480,10503
7481,10984
7482,10985
7483,10986
7484,10979
7485,10979
7486,10994
7487,10988
7488,10989
7489,10991
7490,10995
7491,10995
7492,10995
7493,10991
7494,10992
7495,11023
7496,10500
7497,10500
7498,10500
7499,10964
7500,10969
7501,11018
7502,10537
7503,10537
7504,10538
7505,11017
7506,11022
7507,11016
7508,11022
7509,11023
7510,11019
7511,11021
7512,11019
7513,11003
7514,11002
7515,11003
7516,10529
7517,11362
7518,11362
7519,11362
7520,11363
7521,11356
7522,11364
7523,11363
7524,11363
7525,11363
7526,11356
7527,11379
7528,11364
7529,347
7530,347
7531,354
7532,11956
7533,11955
7534,11966
7535,11064
7536,11077
7537,11072
7538,11077
7539,11081
7540,11080
7541,483
7542,474
7543,474
7544,474
7545,474
7546,474
7547,474
7548,474
7549,476
7550,476
7551,476
7552,476
7553,477
7554,473
7555,473
7556,473
7557,473
7558,479
7559,10865
7560,10343
7561,10343
7562,383
7563,383
7564,383
7565,388
7566,388
7567,388
7568,310
7569,310
7570,310
7571,10645
7572,10645
7573,10672
7574,10680
7575,10652
7576,10652
7577,10650
7578,10651
7579,10651
7580,10767
7581,10767
7582,10769
7583,10783
7584,10783
7585,10783
7586,10770
7587,10772
7588,10777
7589,10788
7590,10788
7591,10790
7592,10797
7593,10797
7594,10798
7595,10792
7596,10793
7597,10803
7598,10804
7599,10805
7600,10807
7601,10806
7602,10802
7603,10814
7604,10817
7605,10815
7606,10831
7607,10836
7608,10836
7609,10852
7610,10836
7611,10837
7612,10840
7613,10144
7614,10145
7615,10144
7616,10140
7617,10141
7618,10137
7619,11664
7620,10139
7621,11664
7622,10150
7623,10162
7624,10150
7625,10160
7626,10165
7627,10157
7628,10164
7629,10158
7630,10158
7631,11654
7632,10155
7633,10023
7634,10029
7635,10029
7636,10025
7637,10024
7638,10023
7639,10024
7640,10039
7641,10041
7642,10041
7643,10136
7644,10051
7645,10063
7646,11661
7647,11660
7648,10059
7649,10067
7650,10068
7651,10068
7652,10008
7653,10047
7654,11658
7655,10044
7656,11659
7657,11659
7658,10073
7659,10075
7660,10075
7661,10080
7662,10076
7663,10087
7664,10077
7665,10075
7666,10095
7667,10093
7668,10095
7669,10098
7670,10505
7671,10506
7672,10514
7673,10518
7674,10519
7675,10519
7676,10513
7677,10513
7678,10513
7679,10563
7680,10563
7681,10558
7682,10561
7683,10562
7684,10562
7685,10562
7686,10558
7687,10559
7688,11677
7689,10559
7690,10576
7691,10524
7692,10525
7693,10549
7694,10550
7695,10550
7696,10550
7697,10545
7698,10540
7699,10546
7700,10554
7701,10547
7702,10547
7703,10546
7704,10541
7705,10541
7706,10588
7707,10591
7708,10591
7709,10578
7710,10581
7711,10583
7712,10581
7713,11679
7714,10582
7715,10584
7716,10584
7717,10584
7718,10588
7719,10588
7720,10589
7721,10591
7722,10591
7723,10593
7724,10594
7725,10594
7726,10595
7727,474
7728,474
7729,474
7730,472
7731,472
7732,472
7733,10198
7734,10481
7735,10477
7736,10034
7737,10034
7738,10001
7739,11951
7740,11953
7741,11952
7742,10567
7743,10567
7744,10568
7745,10745
7746,10746
7747,10746
7748,11652
7749,10167
7750,10164
7751,10954
7752,10954
7753,10954
7754,10798
7755,10792
7756,10803
7757,10027
7758,11655
7759,11655
7760,10017
7761,10014
7762,11651
7763,10505
7764,10505
7765,10505
7766,10197
7767,10481
7768,10481
7769,10481
7770,10483
7771,10483
7772,10481
7773,10483
7774,10477
7775,10744
7776,10744
7777,10749
7778,10845
7779,10749
7780,10846
7781,10160
7782,10163
7783,10163
7784,10035
7785,10036
7786,10034
7787,10069
7788,10071
7789,10071
7790,10454
7791,10454
7792,10454
7793,10148
7794,10027
7795,10027
7796,10030
7797,10035
7798,10034
7799,10033
7800,10034
7801,10007
7802,10465
7803,10567
7804,10565
7805,10565
7806,10565
7807,10568
7808,10567
7809,10566
7810,10566
7811,10745
7812,10745
7813,10745
7814,10844
7815,10844
7816,10846
7817,11668
7818,10477
7819,10477
7820,10196
7821,11669
7822,10202
7823,11668
7824,11668
7825,10181
7826,10176
7827,10176
7828,10176
7829,10167
7830,11653
7831,10158
7832,10150
7833,10151
7834,10153
7835,10049
7836,10007
7837,10052
7838,11660
7839,10052
7840,10017
7841,10067
7842,10068
7843,10069
7844,10007
7845,11646
7846,10005
7847,10027
7848,10027
7849,10035
7850,11648
7851,10020
7852,10019
7853,11652
7854,10176
7855,11652
7856,10008
7857,10008
7858,10009
7859,10001
7860,10002
7861,10002
7862,10027
7863,10028
7864,10027
7865,10009
7866,10011
7867,10012
7868,10015
7869,10016
7870,10016
7871,10744
7872,10749
7873,10749
7874,10035
7875,10035
7876,10035
7877,10018
7878,10019
7879,10069
7880,10565
7881,10567
7882,10565
7883,11668
7884,11668
7885,11668
7886,10202
7887,10202
7888,10202
7889,11668
7890,11668
7891,11668
7892,10176
7893,10176
7894,10176
7895,10052
7896,11650
7897,10017
7898,10059
7899,10017
7900,11649
7901,10067
7902,10067
7903,10067
7904,11649
7905,11649
7906,10069
7907,10007
7908,10006
7909,10007
